id,encoded_pixels
1024.png,167370 1 168592 1 168594 1 169816 1 188192 1 189414 1 190638 1 201684 1 202904 1 217632 1 217634 1 493412 1 494636 1 541302 1 541304 1 542524 1 542526 1 568112 1 569332 1 569334 1
1025.png,18349 1 20793 1 25677 1 26899 1 28121 1 34227 1 48883 1 50105 1 51325 1 52612 1 53767 1 53769 1 53832 1 54989 1 55057 1 56279 1 57431 1 57510 1 59957 1 62410 1 63632 1 64852 1 64855 1 64857 1 66074 1 67294 1 68514 1 69739 1 70956 1 70961 1 72089 1 72178 1 72192 1 72210 1 73430 1 74531 1 74620 1 74623 1 74625 1 74639 1 74652 1 75753 1 75829 1 75840 1 75872 1 76973 1 77065 1 77092 1 78195 1 78282 1 78285 1 78287 1 78314 1 79507 1 79534 1 80727 1 80729 1 81859 1 81921 1 81976 1 83157 1 83196 1 83230 1 85583 1 85638 1 85672 1 86767 1 86819 1 86892 1 88055 1 88083 1 89275 1 89303 1 89305 1 90492 1 90554 1 91717 1 91774 1 92934 1 92937 1 92939 1 92996 1 94073 1 94189 1 95379 1 95395 1 96585 1 96599 1 96601 1 96615 1 96658 1 96674 1 97821 1 97851 1 100263 1 100293 1 100354 1 102679 1 102733 1 103955 1 103971 1 104016 1 105121 1 105161 1 105236 1 106474 1 107617 1 107633 1 107694 1 108869 1 108914 1 108916 1 110031 1 111251 1 111253 1 111279 1 111325 1 111356 1 112459 1 112576 1 113693 1 113735 1 114915 1 114957 1 114971 1 114973 1 115036 1 116256 1 117476 1 118577 1 118591 1 118605 1 118633 1 118678 1 118696 1 118721 1 119898 1 119916 1 119936 1 121156 1 122239 1 122241 1 122295 1 122361 1 122376 1 122396 1 123503 1 123531 1 123544 1 123596 1 123616 1 123619 1 124751 1 124753 1 125989 1 126036 1 126063 1 127276 1 129621 1 129716 1 129721 1 130936 1 130961 1 133255 1 133257 1 133267 1 133311 1 133345 1 134503 1 134517 1 134519 1 134616 1 135723 1 135739 1 135741 1 138276 1 140635 1 140667 1 141841 1 144231 1 144327 1 144363 1 144376 1 144396 1 145616 1 146753 1 149193 1 149195 1 150415 1 151649 1 151651 1 151703 1 155311 1 156547 1 156601 1 157823 1 158989 1 162633 1 162649 1 162665 1 162667 1 162721 1 162723 1 166295 1 167563 1 167619 1 170129 1 173647 1 173663 1 173681 1 173719 1 176103 1 177307 1 177309 1 177323 1 177392 1 178577 1 178579 1 179799 1 181077 1 181079 1 184695 1 184697 1 185977 1 188337 1 188415 1 189593 1 190743 1 191979 1 191997 1 191999 1 192097 1 195639 1 195691 1 195711 1 195713 1 196893 1 198217 1 199349 1 199411 1 200609 1 201829 1 203009 1 203027 1 205449 1 205487 1 206667 1 206685 1 206725 1 206727 1 206771 1 210345 1 210383 1 212803 1 212805 1 214021 1 214039 1 216575 1 217661 1 217697 1 217699 1 217701 1 217741 1 217743 1 221355 1 221473 1 221533 1 223835 1 228711 1 228755 1 228757 1 232347 1 232387 1 232389 1 232435 1 235985 1 236089 1 238505 1 239721 1 239743 1 239769 1 239827 1 239829 1 242139 1 242207 1 243399 1 243451 1 243545 1 245915 1 247103 1 249539 1 249569 1 250785 1 250813 1 250845 1 250847 1 253193 1 253195 1 253221 1 254465 1 254467 1 254497 1 256903 1 256931 1 256933 1 258089 1 258115 1 258183 1 260551 1 260583 1 260585 1 260617 1 260697 1 261827 1 261829 1 264233 1 265445 1 265551 1 267915 1 267949 1 269127 1 269203 1 269205 1 271531 1 271533 1 271599 1 272811 1 275185 1 275213 1 275243 1 275245 1 275323 1 275325 1 276425 1 276495 1 278895 1 278897 1 278927 1 278929 1 278965 1 278967 1 279059 1 279061 1 280137 1 280139 1 282613 1 282615 1 283787 1 283823 1 286219 1 286253 1 286255 1 287509 1 287511 1 289901 1 289941 1 289985 1 291147 1 291149 1 291191 1 292523 1 293583 1 293585 1 293627 1 293629 1 294835 1 296157 1 296159 1 297309 1 298477 1 298479 1 298523 1 298525 1 298575 1 298577 1 300903 1 300905 1 300949 1 300951 1 300999 1 301001 1 301053 1 304589 1 304639 1 304641 1 304763 1 308273 1 309597 1 311957 1 311959 1 313169 1 315653 1 315715 1 320547 1 322963 1 322965 1 326661 1 326663 1 327857 1 334073 1 334075 1 336469 1 336471 1 341365 1 341367 1 351215 1 363397 1 437981 1 444147 1 445273 1 445383 1 445385 1 447843 1 448915 1 448941 1 449043 1 449045 1 449183 1 450309 1 450311 1 450313 1 451503 1 451505 1 452609 1 452637 1 452705 1 452707 1 452739 1 455167 1 455169 1 455205 1 455207 1 455295 1 456303 1 456305 1 456401 1 456403 1 456441 1 456443 1 458829 1 458831 1 458861 1 458863 1 458901 1 458903 1 458947 1 458949 1 460065 1 460101 1 460103 1 460185 1 460187 1 462489 1 462491 1 462523 1 462525 1 462561 1 462563 1 462603 1 462605 1 462645 1 462647 1 463727 1 463757 1 463759 1 463795 1 463797 1 463839 1 463841 1 463843 1 466063 1 466187 1 466221 1 466223 1 466255 1 466257 1 466299 1 466301 1 467285 1 467287 1 467419 1 467421 1 467457 1 467497 1 467499 1 467537 1 467539 1 469879 1 469881 1 469915 1 469917 1 469957 1 469959 1 471083 1 471117 1 471149 1 471151 1 471193 1 471195 1 473513 1 473515 1 473541 1 473543 1 473575 1 473577 1 473613 1 473615 1 473617 1 473651 1 473653 1 473655 1 474669 1 474747 1 474775 1 474777 1 474809 1 474811 1 474851 1 474853 1 474889 1 477153 1 477205 1 477237 1 477239 1 477267 1 477269 1 477309 1 477311 1 478437 1 478439 1 478471 1 478473 1 478507 1 480843 1 480895 1 480897 1 480899 1 480929 1 480931 1 480967 1 480969 1 481003 1 481005 1 482075 1 482133 1 482163 1 482201 1 482203 1 484535 1 484537 1 484589 1 484591 1 484659 1 484661 1 484703 1 485769 1 485823 1 485825 1 485861 1 485895 1 485897 1 488225 1 488227 1 488281 1 488283 1 488317 1 488319 1 488351 1 489431 1 489457 1 489459 1 489515 1 489517 1 489553 1 491889 1 491915 1 491917 1 491975 1 491977 1 492011 1 493097 1 493099 1 493121 1 493151 1 493211 1 493213 1 493245 1 495577 1 495579 1 495607 1 495609 1 495667 1 495669 1 495709 1 496813 1 496841 1 496943 1 499243 1 499297 1 499299 1 500501 1 500503 1 500531 1 502933 1 502959 1 502991 1 503021 1 504165 1 504191 1 504193 1 504253 1 504255 1 506595 1 506621 1 506623 1 506647 1 506649 1 506681 1 506711 1 507783 1 507785 1 507829 1 507831 1 507855 1 507883 1 507885 1 510261 1 510309 1 510311 1 510341 1 510369 1 510405 1 510407 1 511517 1 511519 1 511543 1 511573 1 511575 1 513949 1 513951 1 513975 1 513999 1 514001 1 514003 1 514031 1 515205 1 515235 1 515263 1 517553 1 517637 1 517639 1 517661 1 517691 1 517693 1 517719 1 518869 1 518893 1 518895 1 518897 1 518923 1 518925 1 518951 1 521325 1 521327 1 521353 1 521355 1 521379 1 521381 1 521413 1 522533 1 522585 1 522613 1 522645 1 522647 1 524989 1 525011 1 525013 1 525041 1 525067 1 525069 1 526273 1 528653 1 528703 1 528705 1 528729 1 528759 1 528761 1 529935 1 529961 1 532225 1 532391 1 532415 1 532417 1 534717 1 535983 1 536003 1 536025 1 536053 1 536077 1 536079 1 536107 1 536109 1 539669 1 539739 1 540971 1 541001 1 542085 1 543277 1 543279 1 543353 1 543355 1 543377 1 543379 1 544657 1 547087 1 547117 1 548251 1 548271 1 548295 1 549403 1 549475 1 549477 1 550703 1 550705 1 550751 1 554389 1 556769 1 558099 1 558121 1 559357 1 561741 1 561811 1 564119 1 565447 1 569091 1 571545 1 572733 1 572775 1 572795 1 572821 1 573961 1 575171 1 575189 1 576399 1 576439 1 576459 1 576479 1 576503 1 577647 1 580083 1 580103 1 580143 1 583671 1 583807 1 587489 1 587491 1 589837 1 589869 1 591135 1 592325 1 593425 1 593571 1 594763 1 594765 1 594801 1 594819 1 594837 1 595903 1 596049 1 597273 1 597275 1 598445 1 599629 1 600853 1 602165 1 605749 1 613197 1 616739 1 620493 1 620525 1 620565 1 624207 1 625291 1 625389 1 625435 1 625437 1 626613 1 626661 1 627873 1 627911 1 631463 1 631575 1 633975 1 634029 1 635105 1 635117 1 635219 1 636371 1 636431 1 640051 1 641239 1 642431 1 642463 1 642465 1 643657 1 644959 1 645039 1 646133 1 648639 1 652321 1 652385 1 653549 1 655923 1 657277 1 657279 1 660959 1 663321 1 664523 1 667059 1 669485 1 670669 1 673151 1 674391 1 675527 1 675563 1 676833 1 678057 1 679299 1 680499 1 681739 1 682909 1 682911 1 682963 1 682965 1 684137 1 685405 1 685407 1 686629 1 689069 1 689071 1 691485 1 691511 1 691555 1 691557 1 692709 1 692765 1 692781 1 693951 1 695127 1 695223 1 696419 1 696447 1 697643 1 697645 1 700045 1 700113 1 701271 1 701339 1 705005 1 705019 1 705021 1 706245 1 708657 1 708687 1 709881 1 709883 1 709885 1 709911 1 709913 1 711097 1 711107 1 711109 1 712323 1 712325 1 713577 1 714803 1 718457 1 718487 1 719681 1 719683 1 719711 1 720897 1 722111 1 722121 1 722123 1 723377 1 723379 1 724603 1 725813 1 729469 1 729495 1 730695 1 736843 1 738067 1 738069 1 741735 1
1027.png,386344 1 387564 1 388786 1 390006 1 390008 1 391228 1 391230 1 392452 1 393674 1 394896 1 537569 1
1037.png,
1038.png,
1044.png,
1049.png,
105.png,
1059.png,
1060.png,
1061.png,
1064.png,
1082.png,
1085.png,
1089.png,748473 1
1092.png,
1097.png,720774 1 721996 1 723218 1 724440 1 724442 1 725662 1 725664 1 726884 1 728106 1 729328 1 735440 1 736660 1 736662 1 737882 1 737884 1 739104 1 739106 1 740326 1 741546 1 741548 1
1099.png,
111.png,
1119.png,627568 1
112.png,392967 1 394191 1 394193 1 400911 1 402135 1 402763 1
1125.png,
1132.png,
1135.png,
114.png,
1145.png,
115.png,
1151.png,503309 1 503311 1 504537 1
1154.png,
1156.png,665494 1
1159.png,
116.png,12020 1 13242 1
1168.png,
1173.png,598475 1 600929 1 608291 1 611973 1
1175.png,174577 1 255523 1 255525 1 342503 1 520729 1 529289 1 534183 1
1178.png,427411 1
1186.png,
1188.png,276703 1 276705 1
1189.png,
119.png,124542 1
1195.png,
1198.png,
1201.png,63127 1 142725 1 142727 1 151425 1 469513 1 491591 1 506471 1
1204.png,
1206.png,
1208.png,
1211.png,
1213.png,
122.png,
1220.png,
1224.png,
1225.png,
1227.png,
123.png,304853 1 423419 1 671961 1 671963 1
1231.png,283260 1 380090 1 381310 1 381312 1 382532 1 382534 1 383754 1
1233.png,
1241.png,
1252.png,
1259.png,92284 1 93506 1
1260.png,
1265.png,359776 1
1267.png,84125 1 85351 1 85353 1 104929 1 412178 1 413400 1 414622 1 415842 1 417064 1 418286 1 419506 1
1282.png,
1285.png,207887 1 210161 1 252965 1 252967 1 255497 1 255499 1 265171 1 320187 1 366691 1 366693 1 397351 1 417049 1 452513 1 466008 1 479440 1 480660 1 480662 1 481880 1 481882 1 483102 1 501597 1 501599 1 513957 1 522197 1 522199 1 525763 1 527093 1 533601 1
1288.png,
1289.png,
1290.png,293145 1 329057 1
1298.png,
1310.png,475023 1 475025 1
1316.png,
1317.png,
1329.png,
133.png,294185 1 394709 1 602763 1 608622 1
1347.png,205475 1 206701 1 304416 1 305638 1 306860 1
1352.png,150817 1
1360.png,
1365.png,540871 1
1366.png,510151 1
1368.png,284550 1 285770 1 285772 1
1369.png,
1371.png,
1377.png,
1379.png,
1386.png,
1388.png,161185 1
1389.png,
1390.png,
1391.png,
1394.png,612142 1 613364 1 614586 1
1398.png,
14.png,355391 1 379873 1 381097 1 387227 1 387229 1 390851 1 390905 1 393307 1 394537 1 394539 1 416563 1 416565 1 416567 1 422695 1 422697 1 422699 1 427553 1 427555 1 427557 1 428781 1 428783 1 439819 1 439821 1 448359 1 448361 1 449629 1 449631 1 454491 1
1403.png,
1409.png,
141.png,155370 1 155372 1 156592 1 156594 1 157814 1 159034 1 159036 1 160256 1 160258 1 161478 1 162700 1 165142 1 210340 1
1412.png,
1413.png,
1415.png,
1416.png,
1422.png,
1429.png,651869 1 683539 1 683541 1
143.png,422967 1
1430.png,615119 1 620011 1 620013 1
1435.png,
1436.png,
1444.png,
1447.png,
1454.png,
1455.png,
1457.png,
1465.png,122327 1 122329 1 177985 1 177987 1 177989 1 223701 1 229531 1 229533 1 229535 1 290755 1
1468.png,154033 1
1473.png,
1474.png,
1478.png,
1480.png,91306 1 92528 1 454890 1 512262 1 513484 1 514706 1 515926 1 515928 1 515930 1 517148 1 517150 1 517152 1 518370 1 518372 1 519592 1 519594 1
1498.png,578339 1 579563 1
150.png,
1507.png,
1509.png,
151.png,
1513.png,
1521.png,500438 1 501660 1 505328 1 511440 1 512662 1 513884 1 513904 1 515126 1 516348 1 518794 1 520016 1 521238 1
1540.png,
1543.png,
1548.png,
1549.png,206411 1 206413 1 216145 1 216147 1 223357 1
1554.png,
1557.png,
1568.png,
1583.png,
1584.png,
1585.png,
1589.png,280550 1 281772 1 282992 1 284212 1 285434 1 286654 1 286656 1 287876 1 287878 1 289098 1 296426 1
1590.png,150393 1 151621 1 684404 1 726011 1 726013 1
1595.png,
1601.png,
1622.png,92406 1 249779 1 249781 1
1624.png,360434 1 361654 1 362874 1 362876 1 364094 1 364096 1 365314 1 365316 1 366536 1 367756 1 371418 1
1629.png,
1635.png,
1646.png,
1653.png,499531 1 499533 1 548995 1 594936 1 596182 1 597404 1 598626 1 599844 1 601066 1 625558 1
1666.png,
1672.png,231915 1 233145 1 233147 1 234377 1 234379 1
168.png,
1684.png,206964 1 208186 1 209408 1 214318 1 215540 1 215542 1 216762 1 216764 1 221731 1 222898 1 222900 1 233932 1 233934 1 235156 1 244972 1 247428 1 248648 1 248650 1 249870 1 289167 1 290393 1 290395 1 291619 1 291856 1 294059 1 294061 1 295285 1 295524 1 296511 1 300414 1 301636 1 302860 1 304082 1 387061 1 417695 1 423703 1 424929 1 424931 1 425083 1 425085 1 427483 1 428539 1 428541 1 428709 1 429975 1 429977 1 436043 1 436045 1 442042 1 443264 1 457976 1 459198 1
1687.png,190348 1 191570 1 192792 1 268558 1 268560 1 269778 1 269780 1 270998 1 271000 1 402214 1 403436 1 408322 1 473962 1 475184 1 475186 1 476406 1 476408 1 477630 1
1688.png,166308 1 167530 1 167532 1
1694.png,1216 1 2438 1 3660 1 4882 1 6104 1 7326 1 8454 1 23214 1 24414 1 24434 1 25636 1 25656 1 26858 1 26878 1 47642 1 48864 1 56192 1 59976 1 61198 1 62420 1 204406 1 205626 1 206846 1 208068 1 209288 1 210508 1 210510 1 211452 1 211730 1 212674 1 212950 1 212952 1 213896 1 214172 1 215118 1 215392 1 216340 1 216614 1 217562 1 218782 1 221196 1 227310 1 228532 1
1701.png,
1703.png,
1705.png,508024 1 509246 1 510466 1 510468 1 511688 1 511690 1 512910 1 514132 1 515354 1 516574 1 516576 1 517796 1 517798 1 519018 1 520240 1 521462 1 522684 1 523906 1 525128 1
1706.png,580834 1 671422 1 713034 1 714256 1 715478 1
1707.png,
171.png,
1713.png,179264 1 180486 1 181710 1 182932 1 184156 1 185378 1 186602 1 198844 1 241725 1
1717.png,
172.png,
1720.png,
1725.png,486675 1 509943 1 509945 1 511171 1
1727.png,236248 1 236250 1 237470 1 237472 1 238692 1 238694 1 239916 1 241138 1 261100 1 261160 1 262320 1 262322 1 263542 1 263544 1 264764 1 508592 1 509812 1 511032 1
1728.png,10801 1 429693 1
173.png,
1736.png,
1745.png,599569 1 670355 1 670357 1
1747.png,204157 1 284244 1 292800 1 643738 1 644960 1 646182 1 648638 1 649860 1 663339 1
175.png,369280 1 666944 1 678677 1
1751.png,
1753.png,
1755.png,399133 1 432185 1
1756.png,699691 1
176.png,
1770.png,
1779.png,92759 1 114729 1 114731 1 118521 1 122187 1 135529 1 135531 1 139347 1 139349 1 139351 1 139381 1 147913 1 147915 1 151427 1 151429 1 151457 1 152655 1 154005 1 154007 1 154009 1 166349 1 166351 1 166353 1 166355 1 176065 1 176067 1 177453 1 182137 1 182139 1 192151 1 194543 1 195729 1 199495 1 200621 1 200623 1 200721 1 200723 1 204257 1 204383 1 204385 1 204387 1 204389 1 215377 1 216601 1 216603 1 216605 1 217793 1 217795 1 223971 1 228867 1 228869 1 229839 1 229841 1 231291 1 231293 1 237393 1 238451 1 238453 1 239793 1 241017 1 241019 1 241051 1 243347 1 244689 1 244691 1 245915 1 245917 1 249569 1 250813 1 253251 1 253253 1 253255 1 255677 1 255763 1 261713 1 262797 1 265250 1 266667 1 277773 1 291185 1 291187 1 292441 1 292443 1 294791 1 294793 1 296021 1 296023 1 297355 1 297405 1 297407 1 297409 1 302301 1 302303 1 304613 1 307131 1 307133 1 310753 1 310797 1 310799 1 310801 1 311999 1 312001 1 312003 1 312103 1 312105 1 313229 1 313231 1 313233 1 314457 1 314459 1 320581 1 320583 1 321769 1 321771 1 321773 1 321811 1 322566 1 322997 1 322999 1 323001 1 323003 1 324229 1 325537 1 326663 1 326665 1 327891 1 327893 1 327895 1 329103 1 329231 1 329233 1 329235 1 330331 1 330333 1 330365 1 330367 1 331591 1 331593 1 331665 1 332652 1 332889 1 332891 1 333874 1 334151 1 335317 1 336489 1 336491 1 336545 1 340937 1 340939 1 348795 1 348797 1 362301 1 365961 1 370819 1 380621 1 380623 1 381847 1 381849 1 381851 1 383017 1 383019 1 383021 1 383075 1 384247 1 384249 1 387909 1 387911 1 387913 1 391603 1 391605 1 392831 1 421029 1 421031 1 444257 1 450377 1 450379 1 451605 1 451607 1 452835 1 468749 1 469977 1 473215 1 484479 1 489359 1 489361 1 490585 1 490587 1 490589 1 505477 1 518731 1 518859 1 523625 1 527229 1 543189 1 543191 1 544417 1 550499 1 557797 1
1781.png,226254 1 227476 1 228696 1 229918 1
1790.png,
1800.png,
1809.png,234397 1 239217 1 240405 1 253971 1 253973 1 338932 1 434331 1 439211 1 439245 1 535885 1 553131 1 554353 1 554355 1 554357 1 558041 1 578823 1 702552 1 703774 1 722094 1 740291 1 740293 1
1811.png,
1815.png,
1819.png,
182.png,100963 1 105857 1 105859 1 122875 1 129146 1 130370 1 130939 1 131439 1 131592 1 132797 1 132799 1 135288 1 136353 1 136355 1 136357 1 137667 1 138889 1 138891 1 138893 1 181747 1 188367 1 237327 1 311401 1 354400 1 367673 1 384191 1 528657 1 550069 1 550071 1 551595 1 555693 1 556207 1 570369 1 618628 1 629135 1 659223 1 659225 1 660451 1 684053 1
1832.png,108052 1 108054 1
1835.png,
1837.png,133040 1 134262 1 134264 1
1856.png,277339 1 616263 1 616265 1
1861.png,507957 1 540985 1 545879 1 545881 1 637287 1 645757 1 645759 1 645761 1
1864.png,
1868.png,
1872.png,
1878.png,
1880.png,131273 1 330237 1 330239 1 353631 1 358015 1 358029 1 360557 1 360559 1 365477 1 365675 1 371421 1 376535 1 378993 1 380363 1 382701 1 387593 1 387595 1 392597 1 393821 1 393823 1 408571 1 408573 1 663863 1 663865 1 665535 1 665537 1 668759 1 668761 1
1887.png,
19.png,441922 1 443144 1 471737 1 476643 1 481537 1 482763 1 483989 1 483991 1 485217 1 486443 1 487669 1 488895 1 490121 1
190.png,97415 1 257705 1 258929 1 258931 1 279765 1
1902.png,165093 1 165095 1 480157 1
1903.png,446646 1 447868 1 449090 1 450312 1
1909.png,
1911.png,
1921.png,
1928.png,
1929.png,
193.png,
1932.png,
1939.png,
1941.png,
1947.png,253714 1 253716 1 254934 1 254936 1 254938 1 256156 1 256158 1 257378 1 257380 1 258600 1 258602 1 261122 1 262342 1 262344 1 263566 1
1950.png,
1960.png,
1967.png,
198.png,282140 1 283364 1
1980.png,
1981.png,
1984.png,474395 1 480497 1 480499 1 743581 1
1988.png,
1991.png,
1992.png,
1995.png,
1999.png,
2002.png,
2003.png,
2009.png,
201.png,294877 1
2013.png,
202.png,
203.png,
2032.png,
2034.png,
2043.png,433704 1 434924 1 434926 1 436146 1 436148 1 437368 1 437370 1 465420 1
2051.png,
2054.png,7999 1 80517 1 96567 1 97513 1 113681 1 124661 1 149581 1 401151 1 415545 1 415547 1 415977 1 424457 1 502123 1
2055.png,205121 1 206347 1 239345 1 245449 1 247889 1 251553 1 251555 1 278435 1
2065.png,262338 1
2067.png,
2069.png,
207.png,
2074.png,
2078.png,
2085.png,
2086.png,
2089.png,
2100.png,
2101.png,
2104.png,558517 1 558519 1 558521 1
2106.png,634515 1 696232 1 697454 1 697456 1
2109.png,625724 1
2110.png,
2115.png,
2120.png,244705 1 244707 1 247161 1 247163 1 249617 1 253301 1 255757 1
2124.png,
2133.png,
2138.png,
214.png,
2141.png,
2144.png,
2145.png,
2153.png,
2155.png,
2158.png,
2162.png,
2175.png,
2188.png,
2191.png,656364 1 657586 1 658808 1
2196.png,
22.png,
2203.png,
2204.png,272080 1
2208.png,
2212.png,307503 1 314911 1 327058 1 330718 1 330720 1 331938 1 331940 1 333160 1 335600 1 335602 1 336824 1 339264 1 340444 1 340681 1 345322 1 347927 1 347929 1 359017 1 361236 1 361238 1 362456 1 362458 1 362460 1 372607 1 389332 1 390554 1 390558 1 391780 1 391883 1 395442 1
2221.png,
2224.png,
223.png,
2237.png,
2239.png,
2240.png,
2241.png,
2246.png,
2249.png,
2250.png,
2252.png,
2258.png,747486 1
2263.png,
2279.png,328844 1 330066 1 331288 1 332510 1
2281.png,691704 1
2285.png,153595 1 154823 1 154825 1 156051 1 157281 1 509381 1
2290.png,532761 1 532763 1 698159 1 701885 1
230.png,
2304.png,20169 1 20171 1 101732 1 102954 1 104172 1 104176 1 105398 1 106618 1 106620 1 107840 1 107842 1 109062 1 109064 1 110284 1 110286 1 111506 1 111508 1 112728 1 112730 1 135063 1 135065 1 232632 1 233854 1 235076 1 235078 1 236298 1 236300 1 237520 1 237522 1 238742 1 239964 1 278944 1 280166 1 281388 1 282610 1 283832 1 285054 1 320627 1 432021 1 435320 1 436542 1 436544 1 452580 1 453740 1 453742 1 453802 1 455024 1 459401 1 542567 1 569917 1 571998 1 573220 1 583362 1 583364 1 584584 1 584586 1 591527 1
2308.png,292725 1 292727 1
2309.png,
231.png,
2314.png,
2319.png,
232.png,
2323.png,
2326.png,
2328.png,
234.png,
2348.png,
2353.png,
2354.png,
2355.png,
2356.png,
2357.png,229635 1 392297 1 505491 1 663406 1 664628 1 665850 1 667072 1 668292 1 668294 1 668296 1 669512 1 669514 1 669516 1 669518 1 670736 1 670738 1 670740 1 671958 1 671960 1
2358.png,107555 1 119749 1 119751 1 124641 1 124643 1 649916 1
2361.png,
2364.png,
2371.png,
2376.png,
2378.png,52233 1 53459 1 54687 1 246841 1 392743 1 392745 1 392747 1 393945 1 393947 1 395175 1 395177 1 395179 1 397641 1 398865 1 398867 1 695659 1 703023 1 703025 1
2382.png,
2390.png,
2394.png,107245 1 108475 1 109703 1 109705 1 110933 1 113515 1 115865 1 118437 1 124507 1
2403.png,416249 1 453868 1 633252 1 636978 1 638200 1 638202 1 638355 1 666330 1 667552 1 668772 1 668774 1 669994 1 669996 1 671218 1 690744 1 691966 1 696854 1
2405.png,183887 1 183889 1 230385 1 230387 1
2407.png,
2416.png,499733 1 499735 1
2439.png,
244.png,
2440.png,678395 1 678397 1 679619 1 679621 1 680705 1 680707 1 682007 1 683291 1 683293 1 684517 1 694141 1 699219 1 711273 1 711275 1 714939 1 716167 1 717401 1 717551 1 718779 1 720177 1 726433 1 726435 1 728931 1
2444.png,265024 1 266246 1 324888 1 329762 1 330984 1 332206 1 333428 1
245.png,256308 1 257530 1 287192 1 288414 1 443582 1 444804 1 510978 1 512200 1
2451.png,463909 1
2452.png,
2460.png,
2462.png,488935 1 488937 1 490163 1
2463.png,531929 1
2464.png,248939 1
2477.png,166698 1 198600 1 199780 1
248.png,
2485.png,
2491.png,
2492.png,262655 1 531886 1
2495.png,331745 1
2499.png,
25.png,
2508.png,
2518.png,
252.png,
2523.png,
2529.png,
2531.png,
2538.png,
2539.png,
254.png,477345 1
2540.png,272192 1
2543.png,55550 1 55552 1 182865 1 256423 1
2544.png,
2547.png,
2556.png,
2563.png,
2565.png,670846 1 672068 1 672070 1 673290 1 673292 1 674512 1 674514 1 675734 1 675736 1 676958 1 678180 1 683076 1
2566.png,
2568.png,
2569.png,
2573.png,
2576.png,
258.png,
2588.png,
2594.png,
2598.png,550224 1 553888 1
2599.png,
2603.png,
2604.png,130806 1 133250 1 134472 1 135694 1 144246 1 145468 1 146690 1 147912 1 149134 1 150356 1
2606.png,
2614.png,
262.png,
2621.png,624802 1 638252 1 639474 1 640698 1 641920 1 643142 1 644364 1 645586 1 646808 1 648032 1 649254 1 650476 1
2627.png,
2632.png,
2635.png,216124 1 217349 1 229506 1 230726 1 230728 1 230730 1 231948 1 231950 1 231952 1 233172 1 233174 1 233176 1 234396 1 234398 1 234509 1 256535 1 258965 1 258995 1 260199 1 261455 1 262683 1 263869 1 263871 1 263873 1 263875 1 263909 1 263911 1 265101 1 265103 1 265105 1 265137 1 265139 1 266331 1 266333 1 266365 1 266367 1 267561 1 267563 1 268789 1 268791 1 281013 1 281015 1 281017 1 282243 1 282245 1 282247 1 283475 1 283477 1 284705 1 287139 1 287141 1 287143 1 287161 1 287163 1 288272 1 288367 1 288369 1 288371 1 288373 1 288375 1 288391 1 289492 1 289599 1 289601 1 289603 1 289619 1 290712 1 290714 1 290845 1 291932 1 291934 1 293154 1 293156 1 294374 1 294376 1 294379 1 294394 1 295596 1 295598 1 295614 1 296818 1 296820 1 296834 1 296836 1 298040 1 298042 1 298054 1 298056 1 299264 1 299276 1 299278 1 300486 1 300496 1 300498 1 300516 1 301718 1 301720 1 301736 1 302940 1 302942 1 302956 1 302958 1 304162 1 304164 1 304178 1 304180 1 304299 1 304301 1 305384 1 305386 1 305398 1 305400 1 305529 1 305531 1 305533 1 305535 1 306608 1 306618 1 306620 1 306622 1 306759 1 306761 1 306763 1 307840 1 307842 1 307844 1 309062 1 309064 1 309066 1 310284 1 310286 1 311508 1 312730 1 318888 1 320108 1 320255 1 321326 1 321328 1 321330 1 322550 1 323768 1 323770 1 323772 1 324990 1 324992 1 324994 1 325012 1 326212 1 326214 1 326216 1 326232 1 326393 1 327434 1 327436 1 327454 1 328656 1 328658 1 328674 1 328829 1 328831 1 329878 1 329880 1 329892 1 329894 1 329896 1 330057 1 330059 1 331102 1 331114 1 331116 1 331118 1 331136 1 332324 1 332336 1 332338 1 332340 1 332356 1 333546 1 333558 1 333560 1 333576 1 333578 1 334768 1 334780 1 334782 1 334798 1 336002 1 336004 1 336018 1 336020 1 337226 1 337238 1 337240 1 337242 1 338448 1 338460 1 338462 1 338464 1 339670 1 339682 1 339684 1 340892 1 340904 1 340906 1 342126 1 342128 1 342140 1 343348 1 343350 1 343362 1 343509 1 343511 1 343513 1 344570 1 344572 1 344743 1 344745 1 344747 1 344749 1 345794 1 345973 1 345975 1 345977 1 345979 1 347016 1 347026 1 347205 1 347207 1 347209 1 348248 1 348435 1 348437 1 349665 1 349667 1 350728 1 350893 1 351948 1 351950 1 353170 1 354388 1 354390 1 354392 1 354557 1 355610 1 355612 1 355614 1 356830 1 356832 1 356834 1 356983 1 356985 1 356987 1 356989 1 356991 1 358052 1 358054 1 358056 1 358074 1 358217 1 358219 1 358221 1 358223 1 359274 1 359276 1 359278 1 359294 1 359447 1 359449 1 359451 1 359453 1 360496 1 360498 1 360500 1 360514 1 360516 1 360677 1 360679 1 360681 1 361718 1 361720 1 361736 1 361907 1 361909 1 362940 1 362942 1 362956 1 362958 1 364162 1 364164 1 364176 1 364178 1 364180 1 365386 1 365398 1 365400 1 365402 1 365418 1 366620 1 366622 1 366638 1 366640 1 367842 1 367844 1 367860 1 369066 1 369078 1 369080 1 369082 1 370288 1 370300 1 370302 1 370304 1 371510 1 371522 1 371524 1 371526 1 372732 1 372744 1 372746 1 373966 1 373968 1 375188 1 375190 1 375202 1 376412 1 377634 1 377813 1 377815 1 378856 1 379041 1 379043 1 379045 1 380078 1 380271 1 380273 1 380275 1 381501 1 381503 1 382729 1 382731 1 383933 1 383935 1 383937 1 383957 1 383959 1 385163 1 385165 1 385167 1 385169 1 386232 1 386393 1 386395 1 386397 1 387450 1 387452 1 387454 1 387623 1 387625 1 388672 1 388674 1 388853 1 388855 1 389892 1 389894 1 389896 1 390081 1 391039 1 391041 1 391114 1 391116 1 391118 1 391287 1 391289 1 392105 1 392265 1 392267 1 392269 1 392336 1 392338 1 392340 1 392356 1 392515 1 392517 1 392519 1 393331 1 393491 1 393493 1 393495 1 393558 1 393560 1 393562 1 393574 1 393576 1 393578 1 393745 1 393747 1 393749 1 394717 1 394719 1 394721 1 394780 1 394782 1 394796 1 394798 1 394975 1 394977 1 395943 1 395945 1 395947 1 396002 1 396004 1 396016 1 396018 1 396020 1 396993 1 397169 1 397171 1 397173 1 397226 1 397238 1 397240 1 397242 1 398219 1 398395 1 398397 1 398399 1 398448 1 398460 1 398462 1 398464 1 399445 1 399607 1 399609 1 399623 1 399625 1 399682 1 399684 1 399700 1 400833 1 400835 1 400837 1 400849 1 400851 1 400853 1 400906 1 400922 1 401883 1 402061 1 402063 1 402065 1 402075 1 402077 1 402079 1 402128 1 402140 1 402142 1 402144 1 403109 1 403287 1 403289 1 403291 1 403301 1 403303 1 403305 1 403350 1 403362 1 403364 1 403366 1 403553 1 404335 1 404513 1 404515 1 404517 1 404529 1 404531 1 404572 1 404584 1 404586 1 405561 1 405739 1 405741 1 405743 1 405755 1 405806 1 405808 1 406967 1 406969 1 406983 1 407028 1 407030 1 408175 1 408177 1 408193 1 408195 1 408209 1 408252 1 409403 1 409405 1 409419 1 409421 1 409474 1 410629 1 410631 1 410647 1 410649 1 411857 1 411859 1 411873 1 411875 1 413083 1 413085 1 413099 1 413101 1 413103 1 414309 1 414311 1 414327 1 414329 1 414331 1 415537 1 415539 1 415553 1 415555 1 415557 1 416555 1 416763 1 416765 1 416781 1 416783 1 417779 1 417781 1 417783 1 417991 1 418007 1 418009 1 419005 1 419007 1 419009 1 419217 1 419219 1 419237 1 419290 1 420233 1 420235 1 420445 1 420447 1 420510 1 421459 1 421671 1 421673 1 421732 1 422673 1 422899 1 422901 1 422952 1 422954 1 423897 1 423899 1 424127 1 424174 1 425123 1 425125 1 425353 1 425355 1 425396 1 425399 1 426349 1 426581 1 426583 1 426618 1 427809 1 428789 1 428791 1 429035 1 429037 1 430015 1 430017 1 431241 1 444929 1 451067 1 470425 1 471651 1 472877 1 474103 1 474121 1 475329 1 476557 1 477783 1 479009 1 480235 1 480237 1 481463 1 482689 1 485099 1 485143 1 485145 1 486323 1 486325 1 486371 1 487549 1 487551 1 487599 1 488775 1 488777 1 488825 1 488827 1 490001 1 490003 1 490053 1 490055 1 491229 1 491281 1 492455 1 492457 1 492509 1 493669 1 493671 1 493679 1 493681 1 493683 1 493737 1 494895 1 494897 1 494907 1 494909 1 494963 1 496123 1 496133 1 496135 1 496137 1 496193 1 497349 1 497359 1 497361 1 497363 1 497419 1 497421 1 498575 1 498585 1 498587 1 498589 1 498647 1 498649 1 499799 1 499801 1 499803 1 499813 1 499815 1 499817 1 501027 1 501029 1 501041 1 501043 1 501045 1 501103 1 501105 1 502243 1 502255 1 502257 1 502267 1 502269 1 502271 1 502331 1 503469 1 503479 1 503481 1 503483 1 503495 1 503497 1 503499 1 504697 1 504707 1 504709 1 504711 1 504723 1 504725 1 504727 1 505923 1 505933 1 505935 1 505937 1 505949 1 505951 1 505953 1 505955 1 507149 1 507151 1 507161 1 507163 1 507165 1 507177 1 507179 1 507181 1 507183 1 508377 1 508387 1 508389 1 508391 1 508393 1 508405 1 508407 1 508409 1 509603 1 509605 1 509615 1 509617 1 509619 1 509633 1 509635 1 509701 1 510829 1 510831 1 510843 1 510845 1 510847 1 510861 1 510863 1 510865 1 512055 1 512057 1 512059 1 512071 1 512073 1 512075 1 512089 1 512091 1 513283 1 513285 1 513287 1 513297 1 513299 1 513301 1 513303 1 513317 1 513319 1 514509 1 514511 1 514513 1 514525 1 514527 1 514529 1 514545 1 514547 1 515737 1 515739 1 515741 1 515753 1 515755 1 515757 1 515773 1 515775 1 516965 1 516967 1 516969 1 516981 1 516983 1 516985 1 517001 1 517003 1 518191 1 518193 1 518195 1 518197 1 518209 1 518211 1 518213 1 518215 1 518229 1 518231 1 519419 1 519421 1 519423 1 519425 1 519437 1 519439 1 519441 1 519457 1 519459 1 520647 1 520649 1 520651 1 520653 1 520665 1 520667 1 520685 1 520687 1 520689 1 521875 1 521877 1 521879 1 521881 1 521893 1 521895 1 521913 1 521915 1 523103 1 523105 1 523107 1 523121 1 523123 1 523141 1 523143 1 523145 1 524329 1 524331 1 524333 1 524335 1 524349 1 524351 1 524371 1 525557 1 525559 1 525561 1 525563 1 525577 1 525579 1 525597 1 525599 1 526785 1 526787 1 526789 1 526805 1 526807 1 526827 1 526829 1 528013 1 528015 1 528033 1 528035 1 528055 1 528057 1 528129 1 529241 1 529243 1 529261 1 529263 1 529283 1 529285 1 530469 1 530471 1 530473 1 530489 1 530491 1 530511 1 530513 1 531697 1 531699 1 531701 1 531717 1 531719 1 531739 1 531741 1 532881 1 532923 1 532925 1 532927 1 532945 1 532947 1 532967 1 532969 1 534107 1 534151 1 534153 1 534155 1 534157 1 534173 1 534175 1 534197 1 535335 1 535379 1 535381 1 535383 1 535385 1 535401 1 535403 1 535425 1 536561 1 536607 1 536609 1 536611 1 536629 1 536631 1 536653 1 537787 1 537789 1 537835 1 537837 1 537839 1 537857 1 537859 1 537881 1 537883 1 539013 1 539015 1 539017 1 539063 1 539065 1 539085 1 539087 1 539109 1 539111 1 539239 1 540239 1 540241 1 540243 1 540291 1 540293 1 540313 1 540315 1 540337 1 540339 1 541457 1 541467 1 541469 1 541471 1 541519 1 541521 1 541541 1 541543 1 541565 1 541567 1 542683 1 542693 1 542695 1 542697 1 542747 1 542749 1 542769 1 542771 1 542793 1 542795 1 543911 1 543921 1 543923 1 543925 1 543975 1 543977 1 543997 1 543999 1 545137 1 545139 1 545149 1 545151 1 545153 1 545203 1 545205 1 545227 1 545251 1 546353 1 546363 1 546365 1 546375 1 546377 1 546379 1 546431 1 546433 1 546455 1 546477 1 546479 1 546581 1 546583 1 547579 1 547591 1 547593 1 547603 1 547605 1 547607 1 547659 1 547661 1 547683 1 548805 1 548815 1 548817 1 548819 1 548829 1 548831 1 548833 1 548835 1 548887 1 548889 1 548911 1 548935 1 550033 1 550043 1 550045 1 550047 1 550057 1 550059 1 550061 1 550063 1 550115 1 550117 1 550139 1 550141 1 550163 1 551259 1 551269 1 551271 1 551273 1 551285 1 551287 1 551289 1 551343 1 551345 1 551367 1 551369 1 551391 1 551393 1 552485 1 552487 1 552497 1 552499 1 552501 1 552511 1 552513 1 552515 1 552517 1 552571 1 552573 1 552595 1 552597 1 552619 1 553713 1 553723 1 553725 1 553727 1 553729 1 553739 1 553741 1 553743 1 553745 1 553799 1 553801 1 553823 1 553825 1 553847 1 553925 1 554937 1 554939 1 554941 1 554951 1 554953 1 554955 1 554967 1 554969 1 554971 1 555029 1 555051 1 555053 1 556165 1 556167 1 556179 1 556181 1 556183 1 556195 1 556197 1 556199 1 556255 1 556257 1 556279 1 556281 1 557393 1 557395 1 557405 1 557407 1 557409 1 557411 1 557421 1 557423 1 557425 1 557427 1 557485 1 557507 1 557509 1 557531 1 558619 1 558621 1 558633 1 558635 1 558637 1 558649 1 558651 1 558653 1 558655 1 558713 1 558735 1 559845 1 559847 1 559849 1 559861 1 559863 1 559865 1 559877 1 559879 1 559939 1 559965 1 561071 1 561073 1 561075 1 561077 1 561087 1 561089 1 561091 1 561093 1 561105 1 561107 1 561109 1 561169 1 561193 1 562299 1 562301 1 562303 1 562315 1 562317 1 562319 1 562333 1 562335 1 562337 1 562395 1 562397 1 562419 1 562421 1 562445 1 563525 1 563527 1 563529 1 563531 1 563541 1 563543 1 563545 1 563547 1 563559 1 563561 1 563563 1 563565 1 563649 1 564753 1 564755 1 564757 1 564769 1 564771 1 564773 1 564775 1 564787 1 564789 1 564791 1 564853 1 564877 1 565981 1 565983 1 565985 1 565997 1 565999 1 566001 1 566015 1 566017 1 566019 1 566079 1 566081 1 567207 1 567209 1 567211 1 567213 1 567225 1 567227 1 567229 1 567243 1 567245 1 567247 1 568435 1 568437 1 568439 1 568441 1 568453 1 568455 1 568457 1 568471 1 568473 1 569663 1 569665 1 569667 1 569679 1 569681 1 569683 1 569685 1 569699 1 569701 1 569765 1 570889 1 570891 1 570893 1 570895 1 570907 1 570909 1 570911 1 570927 1 570929 1 570993 1 572117 1 572119 1 572121 1 572123 1 572135 1 572137 1 572155 1 572157 1 572221 1 573345 1 573347 1 573349 1 573363 1 573365 1 573367 1 573381 1 573383 1 573385 1 574531 1 574533 1 574573 1 574575 1 574577 1 574591 1 574593 1 574595 1 574609 1 574611 1 574613 1 574703 1 574729 1 574731 1 575759 1 575799 1 575801 1 575803 1 575805 1 575817 1 575819 1 575821 1 575823 1 575837 1 575839 1 576985 1 577027 1 577029 1 577031 1 577045 1 577047 1 577065 1 577067 1 578201 1 578211 1 578213 1 578255 1 578257 1 578259 1 578273 1 578275 1 578293 1 578295 1 579427 1 579439 1 579483 1 579485 1 579487 1 579501 1 579503 1 579521 1 579523 1 580653 1 580665 1 580709 1 580711 1 580713 1 580715 1 580729 1 580731 1 580733 1 580749 1 580751 1 581881 1 581891 1 581893 1 581937 1 581939 1 581941 1 581955 1 581957 1 581959 1 581977 1 581979 1 582073 1 582075 1 583095 1 583119 1 583165 1 583167 1 583183 1 583185 1 583187 1 583205 1 583207 1 584323 1 584333 1 584345 1 584347 1 584393 1 584395 1 584397 1 584411 1 584413 1 584433 1 584435 1 585549 1 585561 1 585573 1 585621 1 585623 1 585625 1 585639 1 585641 1 585661 1 585663 1 586775 1 586787 1 586799 1 586801 1 586847 1 586849 1 586851 1 586853 1 586867 1 586869 1 586889 1 586891 1 588001 1 588003 1 588013 1 588015 1 588023 1 588025 1 588075 1 588077 1 588079 1 588081 1 588095 1 588097 1 588117 1 588119 1 589229 1 589241 1 589251 1 589303 1 589305 1 589307 1 589323 1 589345 1 589347 1 589417 1 590455 1 590479 1 590529 1 590531 1 590533 1 590551 1 590573 1 590575 1 591681 1 591683 1 591705 1 591707 1 591757 1 591759 1 591779 1 591801 1 591803 1 592909 1 592921 1 592931 1 592933 1 592935 1 592985 1 592987 1 593007 1 593029 1 593031 1 594135 1 594137 1 594147 1 594159 1 594161 1 594211 1 594213 1 594215 1 594257 1 594259 1 595363 1 595387 1 595389 1 595441 1 595443 1 595485 1 595487 1 596589 1 596601 1 596615 1 596617 1 596619 1 596667 1 596669 1 596671 1 596691 1 596693 1 596713 1 596715 1 597781 1 597815 1 597827 1 597841 1 597843 1 597845 1 597847 1 597895 1 597897 1 597919 1 597921 1 597941 1 597943 1 599007 1 599053 1 599069 1 599071 1 599073 1 599075 1 599123 1 599125 1 599147 1 599149 1 599171 1 600233 1 600279 1 600281 1 600297 1 600299 1 600301 1 600315 1 600351 1 600353 1 600375 1 600377 1 601459 1 601507 1 601509 1 601525 1 601527 1 601529 1 601579 1 601581 1 601603 1 601605 1 602685 1 602687 1 602733 1 602735 1 602751 1 602753 1 602755 1 602757 1 602807 1 602831 1 602833 1 603913 1 603961 1 603963 1 603979 1 603981 1 603983 1 604059 1 604061 1 604083 1 605127 1 605139 1 605189 1 605191 1 605205 1 605207 1 605209 1 605211 1 605287 1 605289 1 605311 1 606353 1 606355 1 606365 1 606367 1 606417 1 606419 1 606421 1 606433 1 606435 1 606437 1 606493 1 606515 1 606517 1 606539 1 607579 1 607581 1 607589 1 607591 1 607593 1 607627 1 607643 1 607645 1 607647 1 607649 1 607659 1 607661 1 607663 1 607665 1 607721 1 607743 1 607745 1 608807 1 608819 1 608853 1 608855 1 608871 1 608873 1 608875 1 608877 1 608887 1 608889 1 608949 1 608951 1 608971 1 608973 1 608995 1 608997 1 610021 1 610033 1 610043 1 610045 1 610047 1 610081 1 610099 1 610101 1 610103 1 610115 1 610117 1 610177 1 610179 1 610199 1 610201 1 610223 1 610225 1 611247 1 611259 1 611261 1 611269 1 611271 1 611273 1 611307 1 611309 1 611325 1 611327 1 611329 1 611331 1 611343 1 611345 1 611405 1 611407 1 611429 1 611451 1 611453 1 612473 1 612475 1 612483 1 612485 1 612487 1 612497 1 612499 1 612501 1 612535 1 612537 1 612553 1 612555 1 612557 1 612569 1 612571 1 612573 1 612633 1 612635 1 612655 1 612657 1 613697 1 613699 1 613701 1 613713 1 613723 1 613725 1 613727 1 613763 1 613765 1 613781 1 613783 1 613785 1 613797 1 613799 1 613861 1 613863 1 613883 1 613885 1 614927 1 614937 1 614939 1 614941 1 614951 1 614953 1 614955 1 614991 1 614993 1 615007 1 615009 1 615011 1 615025 1 615027 1 615089 1 615091 1 615113 1 616153 1 616163 1 616165 1 616167 1 616177 1 616179 1 616181 1 616217 1 616219 1 616221 1 616233 1 616235 1 616237 1 616239 1 616251 1 616253 1 616255 1 616257 1 616317 1 616339 1 616341 1 617377 1 617379 1 617381 1 617391 1 617393 1 617395 1 617405 1 617407 1 617409 1 617445 1 617447 1 617449 1 617451 1 617461 1 617463 1 617465 1 617479 1 617481 1 617483 1 617485 1 617545 1 617569 1 618603 1 618605 1 618607 1 618617 1 618619 1 618621 1 618631 1 618633 1 618635 1 618673 1 618675 1 618677 1 618689 1 618691 1 618693 1 618707 1 618709 1 618711 1 618713 1 618773 1 618775 1 618795 1 618797 1 619831 1 619833 1 619835 1 619843 1 619845 1 619847 1 619849 1 619859 1 619861 1 619863 1 619899 1 619901 1 619903 1 619905 1 619915 1 619917 1 619919 1 619921 1 619935 1 619937 1 619939 1 620001 1 620003 1 621057 1 621059 1 621061 1 621071 1 621073 1 621075 1 621085 1 621087 1 621089 1 621127 1 621129 1 621131 1 621143 1 621145 1 621147 1 621161 1 621163 1 621165 1 621167 1 621229 1 621231 1 622283 1 622285 1 622287 1 622297 1 622299 1 622301 1 622303 1 622313 1 622315 1 622317 1 622355 1 622357 1 622359 1 622371 1 622373 1 622389 1 622391 1 622393 1 622457 1 622459 1 623511 1 623513 1 623515 1 623525 1 623527 1 623529 1 623539 1 623541 1 623543 1 623581 1 623583 1 623585 1 623587 1 623599 1 623601 1 623617 1 623619 1 623621 1 623685 1 623687 1 624737 1 624739 1 624741 1 624751 1 624753 1 624755 1 624757 1 624769 1 624809 1 624811 1 624813 1 624827 1 624829 1 624843 1 624845 1 624847 1 624913 1 625963 1 625965 1 625967 1 625969 1 625979 1 625981 1 625983 1 626035 1 626037 1 626039 1 626053 1 626055 1 626057 1 626059 1 626071 1 626073 1 626143 1 627191 1 627193 1 627195 1 627205 1 627207 1 627209 1 627211 1 627263 1 627265 1 627281 1 627283 1 627285 1 627287 1 627299 1 627301 1 627369 1 627371 1 628379 1 628417 1 628419 1 628421 1 628423 1 628433 1 628435 1 628437 1 628439 1 628489 1 628491 1 628493 1 628509 1 628511 1 628513 1 628527 1 628529 1 629605 1 629645 1 629647 1 629649 1 629661 1 629663 1 629665 1 629717 1 629719 1 629735 1 629737 1 629739 1 629741 1 630831 1 630873 1 630875 1 630877 1 630887 1 630889 1 630891 1 630945 1 630947 1 630963 1 630965 1 630967 1 630983 1 632055 1 632057 1 632099 1 632101 1 632103 1 632105 1 632115 1 632117 1 632173 1 632175 1 632191 1 632193 1 632195 1 633281 1 633283 1 633285 1 633327 1 633329 1 633331 1 633343 1 633345 1 633347 1 633401 1 633403 1 633417 1 633419 1 633421 1 634507 1 634509 1 634511 1 634553 1 634555 1 634557 1 634559 1 634571 1 634573 1 634629 1 634631 1 634645 1 634647 1 635733 1 635735 1 635737 1 635739 1 635781 1 635783 1 635785 1 635799 1 635801 1 635855 1 635857 1 635859 1 635861 1 635873 1 635875 1 636961 1 636963 1 636965 1 637007 1 637009 1 637011 1 637013 1 637083 1 637085 1 637087 1 637089 1 637101 1 637103 1 638175 1 638187 1 638189 1 638191 1 638235 1 638237 1 638239 1 638241 1 638311 1 638313 1 638315 1 638327 1 638329 1 639401 1 639415 1 639417 1 639419 1 639463 1 639465 1 639467 1 639537 1 639539 1 639541 1 639543 1 639555 1 640627 1 640641 1 640643 1 640645 1 640647 1 640691 1 640693 1 640695 1 640765 1 640767 1 640769 1 641853 1 641855 1 641869 1 641871 1 641873 1 641917 1 641919 1 641921 1 641923 1 641939 1 641993 1 641995 1 641997 1 642037 1 642039 1 643079 1 643081 1 643083 1 643095 1 643097 1 643099 1 643101 1 643145 1 643147 1 643149 1 643151 1 643165 1 643167 1 643219 1 643221 1 643223 1 643267 1 644305 1 644307 1 644309 1 644323 1 644325 1 644327 1 644373 1 644375 1 644377 1 644393 1 644395 1 644447 1 644449 1 644451 1 644493 1 644495 1 645521 1 645533 1 645535 1 645549 1 645551 1 645553 1 645601 1 645603 1 645605 1 645621 1 645675 1 645723 1 646745 1 646747 1 646761 1 646763 1 646765 1 646777 1 646779 1 646781 1 646829 1 646831 1 646903 1 647971 1 647973 1 647987 1 647989 1 647991 1 647993 1 648005 1 648007 1 648009 1 648059 1 648061 1 648129 1 648131 1 648181 1 648183 1 649197 1 649199 1 649215 1 649217 1 649219 1 649231 1 649233 1 649235 1 649237 1 649285 1 649287 1 649357 1 649409 1 649411 1 650423 1 650425 1 650427 1 650441 1 650443 1 650445 1 650447 1 650459 1 650461 1 650463 1 650465 1 650513 1 650515 1 650531 1 650637 1 651653 1 651669 1 651671 1 651673 1 651675 1 651687 1 651689 1 651691 1 651741 1 651757 1 651759 1 651839 1 651841 1 652879 1 652881 1 652883 1 652897 1 652899 1 652901 1 652913 1 652915 1 652917 1 652919 1 652967 1 652969 1 652985 1 652987 1 654105 1 654107 1 654109 1 654111 1 654123 1 654125 1 654127 1 654129 1 654141 1 654143 1 654145 1 654147 1 654195 1 654197 1 654213 1 655333 1 655335 1 655337 1 655351 1 655353 1 655355 1 655357 1 655369 1 655371 1 655373 1 655375 1 655423 1 655439 1 655441 1 655529 1 656561 1 656563 1 656565 1 656579 1 656581 1 656583 1 656597 1 656599 1 656601 1 656603 1 656667 1 656669 1 656757 1 657789 1 657791 1 657793 1 657807 1 657809 1 657811 1 657825 1 657827 1 657829 1 657845 1 657895 1 657897 1 657985 1 659017 1 659019 1 659021 1 659023 1 659035 1 659037 1 659039 1 659051 1 659053 1 659055 1 659057 1 659123 1 659125 1 659145 1 660243 1 660245 1 660247 1 660249 1 660261 1 660263 1 660265 1 660267 1 660279 1 660281 1 660283 1 660285 1 660317 1 660351 1 660353 1 661471 1 661473 1 661475 1 661477 1 661489 1 661491 1 661493 1 661495 1 661507 1 661509 1 661511 1 661543 1 661545 1 661559 1 661579 1 661581 1 662699 1 662701 1 662703 1 662717 1 662719 1 662721 1 662723 1 662735 1 662737 1 662739 1 662757 1 662769 1 662771 1 662773 1 662807 1 662809 1 663927 1 663929 1 663931 1 663945 1 663947 1 663949 1 663951 1 663963 1 663965 1 663967 1 663981 1 663983 1 663985 1 663997 1 663999 1 664035 1 664037 1 665155 1 665157 1 665159 1 665161 1 665173 1 665175 1 665177 1 665191 1 665193 1 665195 1 665225 1 665241 1 665243 1 665263 1 665265 1 666383 1 666385 1 666387 1 666389 1 666401 1 666403 1 666405 1 666419 1 666421 1 666423 1 666469 1 666491 1 666493 1 666495 1 667611 1 667613 1 667615 1 667617 1 667627 1 667629 1 667631 1 667633 1 667647 1 667649 1 667697 1 667699 1 667717 1 667719 1 667721 1 668837 1 668839 1 668841 1 668843 1 668855 1 668857 1 668859 1 668861 1 668875 1 668877 1 668925 1 668927 1 668947 1 670065 1 670067 1 670069 1 670071 1 670083 1 670085 1 670087 1 670089 1 670103 1 670105 1 670107 1 670153 1 670155 1 671293 1 671295 1 671297 1 671299 1 671311 1 671313 1 671315 1 671317 1 671331 1 671333 1 671335 1 671381 1 671383 1 672471 1 672521 1 672523 1 672525 1 672527 1 672539 1 672541 1 672543 1 672545 1 672561 1 672609 1 672611 1 673697 1 673699 1 673701 1 673749 1 673751 1 673753 1 673755 1 673767 1 673769 1 673771 1 673773 1 673837 1 673839 1 674925 1 674927 1 674929 1 674977 1 674979 1 674981 1 674983 1 674995 1 674997 1 674999 1 675001 1 675043 1 675045 1 675065 1 675067 1 675069 1 676153 1 676155 1 676157 1 676205 1 676207 1 676209 1 676211 1 676223 1 676225 1 676227 1 676273 1 676293 1 676295 1 676297 1 676309 1 677379 1 677381 1 677383 1 677433 1 677435 1 677437 1 677439 1 677451 1 677453 1 677455 1 677501 1 677523 1 678607 1 678609 1 678611 1 678613 1 678661 1 678663 1 678665 1 678679 1 678681 1 678683 1 678685 1 678729 1 679823 1 679835 1 679837 1 679839 1 679841 1 679889 1 679891 1 679893 1 679907 1 679909 1 679911 1 679913 1 679957 1 681047 1 681049 1 681051 1 681063 1 681065 1 681067 1 681069 1 681117 1 681119 1 681121 1 681123 1 681135 1 681137 1 681139 1 681185 1 681187 1 682275 1 682277 1 682279 1 682291 1 682293 1 682295 1 682297 1 682345 1 682347 1 682349 1 682413 1 682415 1 683503 1 683505 1 683507 1 683519 1 683521 1 683523 1 683525 1 683573 1 683575 1 683577 1 683641 1 683643 1 683645 1 684719 1 684731 1 684733 1 684735 1 684747 1 684749 1 684751 1 684753 1 684801 1 684803 1 684805 1 685947 1 685957 1 685959 1 685961 1 685963 1 685975 1 685977 1 685979 1 686029 1 686031 1 686033 1 687173 1 687175 1 687185 1 687187 1 687189 1 687191 1 687203 1 687205 1 687207 1 687209 1 687223 1 687257 1 687259 1 688401 1 688413 1 688415 1 688417 1 688419 1 688431 1 688433 1 688435 1 688437 1 688485 1 688487 1 688489 1 689627 1 689629 1 689641 1 689643 1 689645 1 689659 1 689661 1 689663 1 689665 1 689679 1 689713 1 689715 1 689717 1 690853 1 690855 1 690857 1 690869 1 690871 1 690873 1 690875 1 690887 1 690889 1 690891 1 690893 1 690907 1 690941 1 690943 1 690945 1 692081 1 692083 1 692085 1 692097 1 692099 1 692101 1 692103 1 692115 1 692117 1 692119 1 692121 1 693309 1 693311 1 693313 1 693325 1 693327 1 693329 1 693331 1 693343 1 693345 1 693347 1 694535 1 694537 1 694539 1 694541 1 694553 1 694555 1 694557 1 694559 1 694571 1 694573 1 694575 1 694577 1 695765 1 695767 1 695769 1 695781 1 695783 1 695785 1 695787 1 695799 1 695801 1 695803 1 695805 1 696991 1 696993 1 696995 1 696997 1 697009 1 697011 1 697013 1 697015 1 697027 1 697029 1 697031 1 697033 1 698219 1 698221 1 698223 1 698225 1 698237 1 698239 1 698241 1 698255 1 698257 1 698259 1 698261 1 699447 1 699449 1 699451 1 699453 1 699465 1 699467 1 699469 1 699471 1 699483 1 699485 1 699487 1 700675 1 700677 1 700679 1 700681 1 700693 1 700695 1 700697 1 700699 1 700711 1 700713 1 700715 1 701903 1 701905 1 701907 1 701909 1 701921 1 701923 1 701925 1 701939 1 701941 1 701943 1 703133 1 703135 1 703137 1 703149 1 703151 1 703153 1 703167 1 703169 1 703171 1 704361 1 704363 1 704377 1 704379 1 704381 1 704395 1 704397 1 704399 1 705589 1 705591 1 705605 1 705607 1 705609 1 705623 1 705625 1 705627 1 706833 1 706835 1 706837 1 706849 1 706851 1 706853 1 706855 1 708061 1 708063 1 708065 1 708079 1 708081 1 708083 1 709289 1 709291 1 709293 1 710501 1 710503 1 710517 1 710519 1 710521 1 711729 1 711745 1 711747 1 711749 1 712957 1 712959 1 714183 1 714185 1 714187 1 715411 1 715413 1 715415 1
2639.png,23091 1 23093 1 31685 1 36579 1 103712 1 103714 1 104932 1 104934 1 106154 1 107374 1 107376 1 108594 1 108596 1 113474 1 114694 1 115914 1 115916 1 134139 1
2641.png,
2647.png,720908 1
2649.png,
2652.png,340682 1 341904 1 413577 1 413579 1
2655.png,
2657.png,136013 1 136015 1 348370 1 349594 1
266.png,
2663.png,502738 1 564157 1 564792 1 566014 1
267.png,
268.png,406659 1
273.png,
280.png,
285.png,
29.png,146872 1 148094 1 174920 1
295.png,
30.png,
304.png,
31.png,
314.png,
316.png,
322.png,
326.png,
327.png,88124 1 89346 1 91792 1 93014 1 94238 1 95460 1 96682 1 96684 1 97906 1 99128 1 100350 1 100352 1 101572 1 101574 1 102796 1 104018 1 105242 1 106464 1 107686 1 108910 1 110132 1 111354 1 112578 1 113800 1 115022 1 115024 1 116246 1 117468 1 118692 1 119914 1 122360 1 400240 1 400242 1 401460 1 401462 1 401464 1 401466 1 402686 1 402688 1
330.png,332282 1 333502 1 333504 1 333506 1 333508 1 441781 1 441783 1 443005 1 443007 1
332.png,
334.png,48221 1 48223 1 100773 1 108483 1 108485 1 118901 1 132501 1 132503 1 140235 1 151319 1 162221 1 162223 1 197247 1 198481 1 198483 1 249989 1 254883 1 255493 1 267733 1 285967 1 287273 1 382819 1 388683 1 388685 1 411879 1 426269 1 435751 1 439417 1 440643 1 440645 1 441871 1 457791 1 459017 1 459019 1 460245 1 461473 1 461565 1 465935 1 465937 1 468915 1 482287 1 492105 1 493293 1 495433 1 497001 1 499457 1 519037 1 533303 1 541941 1 543169 1 551645 1 572179 1 609397 1 609399 1 614163 1 616647 1 616649 1 619053 1 619055 1 622647 1 622649 1 622711 1 622713 1 622715 1 625149 1 628809 1 630043 1 630045 1 632383 1 632385 1 636139 1 636141 1 636143 1 637281 1 637283 1 638507 1 654475 1 654477 1
340.png,
344.png,
346.png,
349.png,
356.png,
36.png,651625 1 661527 1
368.png,
369.png,88240 1 89464 1
372.png,
377.png,606224 1 608669 1 715437 1
378.png,
389.png,398934 1 400156 1 401378 1 401380 1 402602 1 403824 1 405046 1 406270 1 532272 1
392.png,
396.png,
401.png,
402.png,398639 1 399935 1 413334 1 414556 1 426765 1 562561 1 562563 1
404.png,90957 1 90959 1 92189 1 93421 1 95853 1 95855 1 95881 1 97083 1 97085 1 99547 1 100775 1 100777 1 100779 1 100781 1 102007 1 102009 1 103243 1 105669 1 105671 1 175337 1 176567 1 177797 1 179025 1 180255 1 181483 1 186351 1 187581 1 187605 1 187607 1 188809 1 190039 1 190065 1 191293 1 191295 1 192523 1 209605 1 212063 1 212113 1 214523 1 221821 1 241457 1
419.png,
420.png,603771 1 603773 1
438.png,307620 1 307622 1 308842 1 308844 1
443.png,328331 1 389929 1 465742 1 466964 1 473068 1 473070 1 474290 1 488678 1
452.png,
459.png,70772 1 71994 1 71996 1 73216 1 73218 1 74440 1 74442 1 75662 1 75664 1 76884 1 76886 1 78106 1 78108 1 78110 1 79328 1 79330 1 80552 1 81774 1 82996 1 82998 1 84220 1 614822 1 616044 1 617266 1 617268 1 618488 1 618490 1 619712 1 620934 1
468.png,708980 1 710202 1
48.png,159135 1 159137 1 160363 1
490.png,
492.png,
496.png,413431 1 414659 1 641678 1
5.png,
501.png,
503.png,341176 1 341178 1 341180 1 342398 1 342400 1 343618 1 343620 1 343622 1 344742 1 344840 1 344842 1 346062 1 346064 1 347282 1 347284 1 347286 1 348406 1 348504 1 348506 1 349724 1 349726 1 350946 1 350948 1 352168 1 354518 1 354520 1 355740 1 355742 1 356962 1 356964 1 358184 1 358186 1 359406 1 359408 1 360628 1 360630 1 364286 1 364288 1 365508 1 365510 1 366728 1 366730 1 366732 1 367950 1 367952 1 367954 1 369172 1 369174 1 370394 1 370396 1 371616 1 371618 1 372838 1 395984 1 395986 1 397206 1 397208 1 398428 1 398430 1 399650 1 399652 1 400872 1 400874 1 402094 1 402096 1 403318 1 404540 1 405762 1
51.png,44759 1 44761 1 77547 1 77549 1 77551 1 104769 1 169785 1
510.png,
511.png,
516.png,
517.png,76902 1 588335 1 601805 1 601807 1 601809 1
522.png,
529.png,
530.png,143906 1 235053 1 235055 1 236281 1 329327 1 329329 1
532.png,47478 1 48702 1 49924 1 56052 1 60942 1 60944 1 62164 1 62166 1 71948 1 85404 1 86626 1 87848 1 89070 1 90292 1 91514 1 96404 1 405749 1 408165 1 409403 1 410641 1 427725 1 428949 1 441195 1 443615 1 446066 1 446071 1 446091 1 447288 1 448511 1 448513 1 449733 1 449749 1 450205 1 450207 1 450964 1 450969 1 450987 1 451409 1 452184 1 452207 1 452633 1 452645 1 452647 1 453397 1 453427 1 453847 1 453867 1 453869 1 453875 1 453877 1 454631 1 454647 1 455071 1 455099 1 455867 1 456305 1 456315 1 456317 1 456341 1 456355 1 457082 1 457087 1 457519 1 457539 1 457547 1 457569 1 457583 1 458307 1 458741 1 458743 1 458755 1 458757 1 458779 1 458793 1 458795 1 458797 1 459527 1 459977 1 459985 1 459987 1 460003 1 460011 1 460025 1 460747 1 461209 1 461217 1 461219 1 461239 1 462413 1 462415 1 462425 1 462441 1 462449 1 462451 1 462467 1 462485 1 463203 1 463205 1 463647 1 463657 1 463659 1 463673 1 463675 1 463681 1 464863 1 464879 1 464881 1 464889 1 464909 1 464925 1 466085 1 466087 1 466095 1 466111 1 466119 1 466121 1 466137 1 466155 1 467317 1 467319 1 467327 1 467329 1 467343 1 467345 1 467347 1 467349 1 467351 1 467367 1 467379 1 467381 1 467383 1 468533 1 468549 1 468551 1 468557 1 468559 1 468579 1 468595 1 468597 1 468607 1 468609 1 469757 1 469765 1 469781 1 469783 1 469789 1 469791 1 469807 1 469809 1 469821 1 469823 1 469825 1 470989 1 470997 1 470999 1 471013 1 471019 1 471021 1 471031 1 471037 1 471039 1 471049 1 471051 1 472203 1 472205 1 472221 1 472229 1 472231 1 472243 1 472245 1 472249 1 472261 1 472263 1 472265 1 473427 1 473435 1 473437 1 473451 1 473453 1 473459 1 473461 1 473477 1 473479 1 473491 1 473493 1 474643 1 474659 1 474667 1 474669 1 474689 1 474691 1 474701 1 474707 1 474719 1 475865 1 475875 1 475877 1 475891 1 475899 1 475901 1 475913 1 475915 1 475917 1 475919 1 475931 1 475933 1 475935 1 477097 1 477099 1 477105 1 477107 1 477109 1 477123 1 477129 1 477131 1 477149 1 477161 1 477163 1 478311 1 478313 1 478329 1 478331 1 478339 1 478359 1 478361 1 478373 1 478377 1 479535 1 479537 1 479545 1 479547 1 479561 1 479563 1 479569 1 479571 1 479589 1 479605 1 480767 1 480769 1 480777 1 480779 1 480793 1 480795 1 480799 1 480801 1 480813 1 480819 1 480833 1 481999 1 482001 1 482009 1 482011 1 482023 1 482025 1 482027 1 482029 1 482043 1 482047 1 483203 1 483205 1 483213 1 483215 1 483217 1 483231 1 483233 1 483239 1 483241 1 483259 1 483261 1 483273 1 483275 1 484437 1 484439 1 484447 1 484449 1 484463 1 484469 1 484471 1 484483 1 484485 1 484487 1 484489 1 484501 1 484503 1 485651 1 485653 1 485669 1 485671 1 485679 1 485681 1 485699 1 485701 1 485713 1 485715 1 485717 1 486873 1 486875 1 486885 1 486901 1 486903 1 486907 1 486909 1 486911 1 486923 1 486925 1 486927 1 486929 1 486941 1 486943 1 488107 1 488109 1 488117 1 488119 1 488133 1 488137 1 488139 1 488141 1 488153 1 488155 1 488157 1 488169 1 488171 1 488173 1 489341 1 489349 1 489363 1 489367 1 489369 1 489371 1 489381 1 489383 1 489385 1 489395 1 489397 1 489399 1 490545 1 490555 1 490557 1 490571 1 490579 1 490593 1 490595 1 490597 1 490599 1 490611 1 490613 1 490623 1 491777 1 491779 1 491787 1 491789 1 491807 1 491809 1 491821 1 491823 1 491825 1 491827 1 491839 1 491841 1 493009 1 493011 1 493017 1 493019 1 493031 1 493033 1 493035 1 493037 1 493039 1 493049 1 493051 1 493053 1 493065 1 493067 1 494241 1 494243 1 494249 1 494261 1 494263 1 494265 1 494267 1 494279 1 494281 1 495433 1 495435 1 495455 1 495457 1 495459 1 495477 1 495479 1 495493 1 495495 1 495507 1 495509 1 496657 1 496679 1 496681 1 496687 1 496689 1 496705 1 496707 1 496719 1 496721 1 496723 1 496735 1 497911 1 497913 1 497915 1 497917 1 497919 1 497931 1 497933 1 497935 1 497937 1 497949 1 497951 1 499105 1 499141 1 499143 1 499145 1 499147 1 499149 1 499161 1 499163 1 499175 1 499177 1 499179 1 500327 1 500329 1 500337 1 500355 1 500357 1 500371 1 500373 1 500375 1 500377 1 500389 1 500391 1 500401 1 501567 1 501579 1 501581 1 501583 1 501585 1 501587 1 501599 1 501601 1 501603 1 501605 1 501617 1 501619 1 502775 1 502777 1 502779 1 502795 1 502797 1 502809 1 502811 1 502813 1 502815 1 502817 1 502829 1 502831 1 502833 1 502843 1 502845 1 502847 1 503997 1 503999 1 504001 1 504007 1 504009 1 504025 1 504027 1 504039 1 504041 1 504043 1 504045 1 504047 1 504059 1 504061 1 505231 1 505249 1 505255 1 505269 1 505271 1 505273 1 505275 1 505285 1 505287 1 505289 1 506467 1 506479 1 506481 1 506483 1 506485 1 506497 1 506499 1 506501 1 506513 1 506515 1 507675 1 507677 1 507679 1 507695 1 507697 1 507707 1 507709 1 507711 1 507713 1 507715 1 507727 1 507729 1 507739 1 508899 1 508901 1 508903 1 508905 1 508907 1 508909 1 508925 1 508937 1 508939 1 508941 1 508943 1 508955 1 508957 1 510133 1 510135 1 510137 1 510153 1 510165 1 510167 1 510169 1 510171 1 510183 1 511367 1 511379 1 511381 1 511383 1 511395 1 511397 1 511399 1 512575 1 512595 1 512605 1 512607 1 512609 1 512611 1 512623 1 512625 1 512627 1 513799 1 513801 1 513803 1 513805 1 513807 1 513823 1 513833 1 513835 1 513837 1 513839 1 513851 1 513853 1 515029 1 515031 1 515033 1 515035 1 515037 1 515049 1 515051 1 515063 1 515065 1 515067 1 516259 1 516261 1 516263 1 516265 1 516275 1 516277 1 516279 1 516281 1 516291 1 516293 1 516295 1 517489 1 517491 1 517493 1 517503 1 517505 1 517507 1 517519 1 517521 1 517523 1 518695 1 518697 1 518699 1 518701 1 518703 1 518717 1 518719 1 518721 1 518731 1 518733 1 518735 1 518749 1 519927 1 519929 1 519931 1 519933 1 519945 1 519947 1 519949 1 519961 1 519963 1 519965 1 521123 1 521155 1 521157 1 521159 1 521161 1 521163 1 521173 1 521175 1 521177 1 521187 1 521189 1 521191 1 521193 1 522369 1 522371 1 522383 1 522385 1 522387 1 522389 1 522391 1 522403 1 522405 1 522415 1 522417 1 522419 1 523593 1 523595 1 523597 1 523613 1 523615 1 523617 1 523619 1 523629 1 523631 1 523633 1 523645 1 523647 1 524843 1 524845 1 524847 1 524857 1 524859 1 524861 1 524873 1 526023 1 526025 1 526055 1 526057 1 526059 1 526071 1 526073 1 526075 1 526085 1 526087 1 526089 1 527267 1 527281 1 527283 1 527285 1 527287 1 527299 1 527301 1 527311 1 527313 1 527315 1 528491 1 528509 1 528511 1 528513 1 528515 1 528527 1 528529 1 528543 1 529699 1 529739 1 529741 1 529743 1 529753 1 529755 1 529757 1 529769 1 529771 1 530923 1 530925 1 530967 1 530969 1 530971 1 530981 1 530983 1 530985 1 532179 1 532181 1 532183 1 532197 1 532199 1 532211 1 533405 1 533407 1 533409 1 533411 1 533425 1 533427 1 533439 1 533441 1 534589 1 534591 1 534597 1 534633 1 534635 1 534637 1 534639 1 534649 1 534651 1 534653 1 534665 1 534667 1 534669 1 535861 1 535863 1 535865 1 535867 1 535877 1 535879 1 535881 1 537091 1 537093 1 537095 1 537107 1 537109 1 537111 1 538267 1 538301 1 538303 1 538305 1 538307 1 538321 1 538333 1 538335 1 539489 1 539491 1 539493 1 539529 1 539531 1 539533 1 539535 1 539547 1 539549 1 540757 1 540759 1 540761 1 540763 1 540773 1 540775 1 540777 1 541985 1 541987 1 541989 1 541991 1 542001 1 542003 1 542005 1 543163 1 543165 1 543197 1 543217 1 544387 1 544389 1 544391 1 544425 1 544429 1 544443 1 544445 1 545631 1 545653 1 545655 1 545657 1 545659 1 545669 1 545671 1 545673 1 546855 1 546857 1 546859 1 546883 1 546885 1 546897 1 546899 1 548089 1 548091 1 548093 1 549285 1 549319 1 549341 1 550527 1 550529 1 550565 1 550567 1 551753 1 551755 1 552989 1 552991 1 554213 1 554215 1 555419 1 555423 1 555425 1 555459 1 555461 1 556649 1 556651 1 556673 1 557885 1 557897 1 557899 1 557901 1 559107 1 559109 1 559111 1 559113 1 559123 1 559125 1 559127 1 559129 1 560319 1 560321 1 560335 1 560337 1 560355 1 561543 1 561545 1 561547 1 562779 1 562791 1 562793 1 562795 1 564003 1 564005 1 564007 1 564019 1 564021 1 565215 1 565217 1 565229 1 565231 1 565233 1 565235 1 565247 1 565249 1 566439 1 566441 1 566443 1 566445 1 567667 1 567669 1 567671 1 568901 1 568903 1 568913 1 570105 1 570107 1 570111 1 570125 1 570127 1 570129 1 571335 1 571337 1 571339 1 571341 1 571351 1 571353 1 571355 1 572563 1 572565 1 572567 1 573797 1 575023 1 576231 1 576233 1 576235 1 576237 1 576247 1 576249 1 576251 1 577459 1 577461 1 581145 1 582369 1 601461 1 601465 1 602689 1 602691 1 603917 1 603919 1 603921 1 603923 1 605127 1 605129 1 605131 1 605147 1 605149 1 605151 1 606355 1 606357 1 606359 1 606361 1 606375 1 606377 1 607585 1 607587 1 607589 1 607591 1 607605 1 608799 1 608813 1 608815 1 608817 1 608819 1 608821 1 608837 1 610043 1 611235 1 611275 1 612469 1 612471 1 613693 1 613695 1 613697 1 613699 1 614903 1 614905 1 614931 1 616153 1 616155 1 616165 1 617367 1 617387 1 617389 1 618591 1 618739 1 619959 1 624841 1 626061 1 632177 1 633397 1 662654 1 667520 1 668740 1 668742 1 669960 1 669962 1 669965 1 669978 1 671182 1 671198 1 671200 1 672402 1 672407 1 672418 1 672420 1 672423 1 672425 1 673624 1 673638 1 673640 1 673643 1 673645 1 674858 1 674860 1 674865 1 676080 1 676082 1 676085 1 676101 1 677300 1 677302 1 677305 1 677321 1 678522 1 678525 1 678527 1 679742 1 679744 1 679747 1 680962 1 680964 1 680967 1 680969 1 682184 1 682186 1 682189 1 683404 1 683406 1 683409 1 683411 1 684626 1 684628 1 684631 1 684640 1 685846 1 685848 1 685851 1 685862 1 687068 1 687070 1 687073 1 687082 1 687087 1 688290 1 688293 1 688304 1 689510 1 689515 1 689524 1 689526 1 689529 1 690744 1 690746 1 690749 1 691966 1 691968 1 691971 1 693186 1 693188 1 693191 1 694408 1 694410 1 694413 1 695628 1 695630 1 695633 1 695635 1 696850 1 696855 1 698070 1 698072 1 698075 1 699290 1 699292 1 699295 1 699297 1 699328 1 699331 1 700512 1 700514 1 700517 1 700553 1 701732 1 701734 1 701737 1 702954 1 702959 1 702968 1 702973 1 704179 1 704188 1 704190 1 705410 1 705412 1 705415 1 706630 1 706632 1 706635 1 706637 1 707852 1 707854 1 707857 1 709072 1 709074 1 709077 1 709098 1 710294 1 710296 1 710299 1 710308 1 710323 1 711514 1 711516 1 711519 1 711528 1 711530 1 711533 1 712736 1 712738 1 712741 1 712750 1 712752 1 712755 1 713956 1 713958 1 713961 1 713972 1 713975 1 713999 1 715178 1 715180 1 715183 1 715192 1 715194 1 715197 1 716398 1 716400 1 716403 1 716414 1 716417 1 716419 1 717620 1 717625 1 717634 1 717636 1 717639 1 717648 1 718845 1 718854 1 718856 1 718859 1 718861 1 718870 1 718873 1 720076 1 720078 1 720081 1 720090 1 720092 1 720095 1 721296 1 721298 1 721301 1 721303 1 721312 1 721314 1 721317 1 721324 1 722518 1 722520 1 722523 1 722532 1 722534 1 722537 1 723743 1 723745 1 723754 1 723756 1 723759 1 723771 1 724965 1 724974 1 724976 1 724979 1 724993 1 726196 1 726199 1 726201 1 726210 1 727418 1 727421 1 727430 1 727432 1 727435 1 728641 1 728643 1 728652 1 728657 1 729872 1 729874 1 729877 1 731094 1 731099 1 732316 1 732319 1 732321 1 733539 1 733541 1 733555 1 735997 1 737217 1 737219 1
533.png,
538.png,
541.png,
545.png,
546.png,
547.png,276322 1 277542 1 277544 1 278764 1 278766 1 279986 1 279988 1 281208 1 282428 1 326456 1 327678 1 328900 1 330122 1 331342 1 331344 1 332564 1 463380 1 464600 1 464602 1 465822 1 465824 1 467044 1 468268 1 469490 1 470712 1 580034 1 581254 1 581256 1 582476 1 583696 1 583698 1 584918 1 586140 1 587362 1 594694 1 595916 1 597138 1
548.png,352250 1 353472 1 354694 1 371857 1 383958 1 392583 1 397351 1 397554 1 398651 1 398776 1 420807 1 420809 1 657573 1 695679 1 704237 1
549.png,
55.png,231399 1
559.png,
560.png,339283 1
565.png,
575.png,
584.png,
594.png,
6.png,
60.png,
608.png,513880 1 513882 1 513884 1 513886 1 513888 1 513890 1
612.png,66507 1 67735 1
614.png,64616 1 67058 1 68280 1 69500 1 69502 1 70722 1 71944 1 73164 1 74386 1 75606 1 76828 1 79270 1 80492 1 105914 1 107136 1 108356 1 108358 1 109578 1 110800 1 112020 1 112022 1 113242 1 114462 1 114464 1 115684 1 116906 1 118126 1 118128 1 119348 1 120568 1 120570 1 121790 1 121792 1 123012 1 124232 1 124234 1 125454 1 126674 1 126676 1 127896 1 127898 1 170862 1 172082 1 173304 1 174524 1 174526 1 175746 1 176968 1 181852 1 183074 1 184294 1 185516 1 186736 1 186738 1 187958 1 188958 1 189180 1 190400 1 191622 1 192844 1 214824 1 216046 1 217266 1 217268 1 218488 1 219710 1 220930 1 222152 1 223374 1 224594 1 225816 1 227036 1 228258 1 229480 1 230700 1 231922 1 233142 1 234364 1 235586 1 236806 1 238028 1 239250 1 240470 1 241692 1 242912 1 244134 1 245356 1 246576 1 247798 1 249018 1 250240 1 251462 1 252682 1 253904 1 579762 1
621.png,
622.png,
627.png,278721 1 366923 1 366925 1 366927 1 373063 1 373065 1 433645 1 480297 1
629.png,
632.png,
638.png,380421 1 380423 1 575019 1 575021 1
64.png,
642.png,
647.png,
650.png,
652.png,
654.png,
659.png,
660.png,353234 1 353236 1 354456 1 354458 1 355678 1 579631 1 672619 1 672621 1
673.png,
675.png,
677.png,
688.png,
694.png,
699.png,474412 1 475147 1 475634 1 476379 1 476856 1 646294 1 647516 1 648738 1 677686 1 677688 1 710736 1 711958 1
702.png,
711.png,
713.png,
715.png,96230 1 97396 1 98618 1 99838 1 101058 1 102280 1
723.png,20422 1 24090 1 25312 1 26536 1 28980 1 49620 1 59550 1 60772 1 61996 1 63218 1 64440 1 64442 1 65470 1 65472 1 65474 1 65664 1 66694 1 72996 1 74218 1 75440 1 84997 1 90134 1 91356 1 92464 1 93686 1 94810 1 94908 1 96032 1 96128 1 96130 1 97350 1 97352 1 98652 1 99872 1 99874 1 101094 1 101096 1 102316 1 103536 1 103538 1 104482 1 104758 1 157235 1 157237 1 158463 1 191791 1 192607 1 192609 1 198739 1 218397 1 221821 1 236613 1 236615 1 253705 1 258307 1 292551 1
729.png,
739.png,
74.png,101002 1 102224 1 103706 1 104670 1 104928 1 106150 1 108338 1 109560 1 110782 1 112182 1 113382 1 113404 1 114604 1 114626 1 115848 1 117070 1 118292 1 119516 1 120716 1 120738 1 121938 1 121960 1 132786 1 134008 1 135230 1 135232 1 136454 1 137676 1 138898 1 140120 1 140122 1 141342 1 141344 1 142566 1 143788 1 145010 1 145012 1 146232 1 146234 1 147454 1 147456 1 148678 1 250216 1
749.png,88506 1 89728 1 90950 1 92172 1 487958 1 487960 1 489180 1 489182 1
759.png,
763.png,
764.png,
773.png,
779.png,
78.png,121562 1 122784 1 123976 1 124006 1 125176 1 126398 1 170406 1 171630 1 172852 1 194860 1 196082 1 197304 1
780.png,282570 1 369366 1 370588 1 371810 1 375478 1 376700 1 377922 1 395032 1 473670 1
794.png,
798.png,
8.png,
80.png,467306 1 468528 1 606926 1 608148 1
800.png,338672 1
805.png,
808.png,291184 1 292406 1 293628 1 294850 1
814.png,
819.png,
826.png,80463 1
829.png,
838.png,531826 1 533048 1 534272 1 535494 1
842.png,
848.png,18810 1 20032 1 156039 1 156041 1 372387 1 374829 1 426945 1 434451 1 484521 1 486851 1 490663 1 517213 1 539021 1 539023 1 540245 1 540247 1 562281 1 566225 1 627089 1
850.png,
854.png,75509 1 75511 1 109733 1 177011 1 187173 1 187976 1 189198 1 190420 1 191642 1 191644 1 192864 1 192866 1 194086 1 195308 1 201549 1 287913 1 340667 1 403329 1 501464 1 502686 1 503908 1 505130 1 520061 1 528751 1 537081 1 543019 1 543021 1 543023 1 544435 1 547981 1 554221 1 558953 1 558997 1 563845 1 563847 1 565069 1 565071 1 578494 1 579716 1 580938 1 595815 1 622821 1
859.png,115036 1 116258 1 117480 1 246021 1 246023 1 247247 1 249609 1 254501 1 263037 1 263039 1 264263 1 264265 1 264267 1 265459 1 266683 1 266685 1 277643 1 277645 1 298611 1 298613 1 299837 1 299839 1 301063 1 304745 1 304747 1 305971 1 307197 1 309659 1 310883 1 310885 1 312109 1 327848 1 338807 1 338840 1 340031 1 340033 1 348645 1 353539 1 524509 1 524511 1 525735 1 525737 1 529859 1 529861 1 529863 1 544137 1 545361 1 545363 1 545365 1 551893 1 551895 1 554005 1 556791 1 558107 1 565086 1 567735 1 568947 1 568949 1 570171 1 570173 1 570175 1 578565 1 588487 1 588489 1
860.png,
874.png,
880.png,
889.png,498679 1 524218 1 529104 1 530326 1 531548 1 532770 1 535214 1 536434 1 537656 1 538878 1 543768 1 544990 1 546212 1 547434 1
893.png,117541 1
899.png,
902.png,
909.png,
911.png,
926.png,724407 1 724409 1
929.png,
944.png,
955.png,378503 1 378505 1
958.png,
962.png,
965.png,
966.png,
967.png,
971.png,
975.png,
987.png,62515 1 714891 1 714893 1 714895 1
995.png,21406 1 22628 1 28554 1 29776 1 47312 1 75214 1 169422 1 170644 1 170801 1 171866 1 171868 1 173088 1 173090 1 174310 1 174312 1 175530 1 175532 1 175534 1 176752 1 176754 1 176756 1 177850 1 177974 1 177976 1 179072 1 179074 1 180294 1 180296 1 181516 1 181518 1 182738 1 182740 1 186524 1 187746 1 187748 1 188966 1 188968 1 188970 1 190188 1 190190 1 190192 1 191410 1 191412 1 191414 1 192632 1 192634 1 193852 1 193854 1 193856 1 195074 1 195076 1 196296 1 196298 1 252737 1 252739 1 308402 1 309624 1 313161 1 314387 1 403719 1 413650 1
999.png,
